{
    "日线": [
        {
            "price_a": 3104.2939009414654,
            "price_b": 3122.2226770364305,
            "timeframe": "日线"
        }
    ],
    "4小时": [
        {
            "price_a": 3104.1216216216217,
            "price_b": 3115.0675675675675,
            "timeframe": "4小时"
        }
    ],
    "1小时": [
        {
            "price_a": 3104.0,
            "price_b": 3112.0,
            "timeframe": "1小时"
        }
    ]
}